[
    {
        "sha": "c45d5c50cdcdb36f022a8f907e61b5ee7048f5cb",
        "status": "success",
        "deployable": {
            "created_at": "2025-02-05T14:45:29.542Z",
            "finished_at": "2025-02-05T14:47:00.648Z"
        }
    },
    {
        "sha": "b8e301905570adc7d2f1ca1210057930f6c7d287",
        "status": "success",
        "deployable": {
            "created_at": "2025-02-04T16:47:04.776Z",
            "finished_at": "2025-02-04T16:48:38.583Z"
        }
    },
    {
        "sha": "1079e3884c837ef8e11e19db1f636229107961d7",
        "status": "success",
        "deployable": {
            "created_at": "2025-02-04T15:01:05.441Z",
            "finished_at": "2025-02-04T15:04:03.362Z"
        }
    }
]
