{
  "mode": "strict",
  "format": [
    "javascript",
    "typescript",
    "jsx",
    "tsx"
  ],
  "reporters": ["html"],
  "output": "./duplications-report",
  "ignore": [
    "**/node_modules/**",
    "**/target/**",
    "**/coverage/**",
    "**/dist/**",
    "**/__mocks__/*",
    "**/mocks/*",
    "**/.husky/**",
    "**/.nx/**",
    "**/.vscode/.*",
    "**/.idea/**",
    "**/.gitlab/**",
    "**/.github/**",
    "**/eslint-config/**",
    "**/jest-config/**",
    "**/tailwind-config/**",
    "**/typescript-config/**",
    "**/.eslintrc.**",
    "**/.gitlab-ci.**",
    "**/tailwind.**",
    "**/tsconfig.json",
    "**/turbo.json",
    "**/database_init.mjs",
    "**/jest.**",
    "**/__test__/**",
    "**/**test.**",
    "**/**.config.**",
    "**/webpack/**",
    "**/**webpack**",
    "**/next**.**",
    "**/.next/**",
    "babel",
    ".*.d.ts.*"
  ]
}